<?xml version="1.0" encoding="UTF-8"?>
<metadata modelVersion="1.1.0">
  <groupId>org.apache.servicecomb.pack</groupId>
  <artifactId>omega-format</artifactId>
  <version>0.6.0-SNAPSHOT</version>
  <versioning>
    <snapshot>
      <timestamp>20200321.151825</timestamp>
      <buildNumber>126</buildNumber>
    </snapshot>
    <lastUpdated>20200321151825</lastUpdated>
    <snapshotVersions>
      <snapshotVersion>
        <extension>jar</extension>
        <value>0.6.0-20200321.151825-126</value>
        <updated>20200321151825</updated>
      </snapshotVersion>
      <snapshotVersion>
        <extension>pom</extension>
        <value>0.6.0-20200321.151825-126</value>
        <updated>20200321151825</updated>
      </snapshotVersion>
    </snapshotVersions>
  </versioning>
</metadata>
