<?xml version="1.0" encoding="UTF-8"?>
<metadata modelVersion="1.1.0">
  <groupId>org.apache.servicecomb.pack</groupId>
  <artifactId>omega-transport-hystrix</artifactId>
  <version>0.6.0-SNAPSHOT</version>
  <versioning>
    <snapshot>
      <localCopy>true</localCopy>
    </snapshot>
    <lastUpdated>20200322235530</lastUpdated>
    <snapshotVersions>
      <snapshotVersion>
        <extension>jar</extension>
        <value>0.6.0-SNAPSHOT</value>
        <updated>20200322235530</updated>
      </snapshotVersion>
      <snapshotVersion>
        <extension>pom</extension>
        <value>0.6.0-SNAPSHOT</value>
        <updated>20200322235530</updated>
      </snapshotVersion>
    </snapshotVersions>
  </versioning>
</metadata>
