<?xml version="1.0" encoding="UTF-8"?>
<metadata modelVersion="1.1.0">
  <groupId>org.apache.servicecomb.pack</groupId>
  <artifactId>pack-web</artifactId>
  <version>0.6.0-SNAPSHOT</version>
  <versioning>
    <snapshot>
      <localCopy>true</localCopy>
    </snapshot>
    <lastUpdated>20200322235617</lastUpdated>
    <snapshotVersions>
      <snapshotVersion>
        <classifier>exec</classifier>
        <extension>jar</extension>
        <value>0.6.0-SNAPSHOT</value>
        <updated>20200322235617</updated>
      </snapshotVersion>
      <snapshotVersion>
        <extension>jar</extension>
        <value>0.6.0-SNAPSHOT</value>
        <updated>20200322235617</updated>
      </snapshotVersion>
      <snapshotVersion>
        <extension>pom</extension>
        <value>0.6.0-SNAPSHOT</value>
        <updated>20200322235617</updated>
      </snapshotVersion>
    </snapshotVersions>
  </versioning>
</metadata>
